Station,Entrances,Primary Line,Lines
Van Cortlandt Park 242 St,Broadway and W 242 St,1,"1,"
238 St,Broadway and W 238  St,1,"1,"
231 St,Broadway and W 231  St,1,"1,"
Marble Hill-225 St,Broadway and W 225  St,1,"1,"
215  St,W 215  St and 10th Ave,1,"1,"
207  St,W 207  St and 10th Ave,1,"1,"
Dyckman St,Hillside Ave and Nagle Ave,1,"1,"
191 St,"W 191 St and St Nicholas Ave, W 191 St and Broadway",1,"1,"
181 St,W 181 St and St Nicholas Ave,1,"1,"
168 St,"W 168 St and St Nicholas Ave, W 169 St and Broadway",1,"1,C"
157 St,Broadway and W 157 St,1,"1,"
145 St,Broadway and W 145 St,1,"1,"
137 St City College,Broadway and W 137 St,1,"1,"
125 St,Broadway and W 125 St,1,"1,"
116 St Columbia University,Broadway and W 116 St,1,"1,"
Cathedral Parkway (110 St),Broadway and W 110 St,1,"1,"
103 St,Broadway and W 103 St,1,"1,"
96 St,"Braodway between W 96 St and W 95 St, Broadway and W 94 St",1,"1,1 Express,2,3"
86 St,Broadway and W 86 St,1,"1,"
79 St,Broadway and W 79 St,1,"1,"
72 St,W 72 St between Broadway and Amsterdam Ave,1,"1,2,3"
66 St Lincoln Center,"W 66 St and Broadway, W 65 St and Columbus Ave",1,"1,"
59 St Columbus Circle,"W 60 St between Broadway and Central Park West, W 59 St and Columbus Circle, W 58 St and 8th Ave",1,"1,B,C,D"
50 St,W 50 St and Broadway,1,"1,"
Times Square-42 St,"W 42 St and 7th Ave, W 41 St between 7th Ave and Broadway, W 40 St and 7th Ave",1,"1,1 Express,C,E,2,3,7"
34 St Penn Station,"W 34 St and 7th Ave, W 33 St and 7th Ave, W. 32 St. and 7th Ave.",1,"1,1 Express,2,3"
28 St,W 28 St and 7th Ave,1,"1,"
23 St,W 23 St and 7th Ave,1,"1,"
18 St,W 18 St and 7th Ave,1,"1,"
14 St,"W 14 St and 7th Ave, W 13 St and 7th Ave, W 12 St and 7th Ave",1,"1,1 Express,F,2,3"
Christopher St Sheridan Sq,Christopher St and 7th Ave,1,"1,"
Houston St,"King St and Varick St, W Houston St and Varick St",1,"1,"
Canal St,Canal St and Varick St,1,"1,"
Franklin St,Franklin St and Varick St,1,"1,"
Chambers St,"Chambers St and W Broadway, Chambers St and Hudson St",1,"1,1 Express,2,3"
WTC Cortlandt,"Greenwich St and Vesey St, Oculus at Greenwich St and Fulton St, Greenwich St and Cortlandt Way",1,"1,"
Rector St,"Rector St and Greenwich St, Greenwich St and Trinity Pl",1,"1,"
South Ferry,"South St and Whitehall St, State St and Whitehall St, State St and Pearl St",1,"1,"
Wakefield 241 St,E 241 St and White Plains Rd,2,"2,5"
Nereid Av,White Plains Rd and Nereid Ave,2,"2,5"
233 St,E 233 St and White Plains Rd,2,"2,5"
225 St,E 225 St and White Plains Rd,2,"2,5"
219 St,E 219 St and White Plains Rd,2,"2,5"
Gun Hill Rd,E Gun Hill Rd and White Plains Rd,2,"2,5"
Burke Av,Burke Ave and White Plains Rd,2,"2,5"
Allerton Av,Allerton Ave and White Plains Rd,2,"2,5"
Pelham Pkwy,"Pelham Parkway South and White Plains Rd, Pelham Parkway North and White Plains Rd",2,"2,5"
Bronx Park East,Sagamore St and Birchell Ave,2,"2,5"
E 180 St,"E 180 St and Boston Rd, E Tremont Ave and Boston Rd",2,"2,5"
West Farms Sq E Tremont Av,"E 178 St and Boston Rd, E Tremont Ave and Boston Rd",2,"2,5"
174 St,E 174 St and Boston Rd and Southern Blvd,2,"2,5"
Freeman St,Freeman St and Southern Blvd,2,"2,5"
Simpson St,Simpson St and Westchester Ave,2,"2,5"
Intervale Av,Intervale Ave and Westchester Ave,2,"2,5"
Prospect Av,"E 160 St and Westchester Ave, Prospect Ave and Longwood Ave",2,"2,5"
Jackson Av,"Jackson Ave and Westchester Ave, E 152 St and Jackson Ave",2,"2,5"
3 Av-149 St,"E 149 St and Third Ave, E 149 St and Melrose Ave",2,"2,2 Express,5"
149 St-Grand Concourse,E 149 St and Grand Concourse,2,"2,2 Express,5"
135 St,W 135 St and Lenox Ave,2,"2,3"
125 St,W 125 St and Lenox Ave,2,"2,3"
116 St,W 116 St and Lenox Ave,2,"2,3"
Central Park North (110 St),"W 111 St and Lenox Ave, St Nicholas Ave and Central Park North",2,"2,3"
96 St,"Broadway between W and 96 St., Broadway and W 94 St",2,"2,2 Express,1,3"
72 St,W 72 St between Broadway and Amsterdam Ave,2,"2,2 Express,1,3"
Times Square-42 St,"W 42 St and 7th Ave and Broadway, W 40 St and 7th Ave",2,"2,2 Express,C,E,1,3,7"
34 St Penn Station,"W 34 St and 7th Ave, W 33 St and 7th Ave,W 32 St and 7th Ave",2,"2,2 Express,1,3"
14 St,"W 14 St and 7th Ave, W 13 St and 7th Ave, W 12 St and 7th Ave",2,"2,2 Express,F,1,3"
Chambers St,"Chambers St and W Broadway, Chambers St and Hudson St",2,"2,2 Express,1,3"
Park Place,"Park Place and Broadway, Park Place and Church St",2,"2,C,E,3"
Fulton St,"Fulton St and William St, John St and William St",2,"2,C,3,4,5"
Wall St,"Wall St and William St, Pine St and William St, Cedar St and William St",2,"2,3"
Clark St,Clark St and Henry St,2,"2,3"
Borough Hall,"Court St and Montague St, Montague St and Cadman Plaza West",2,"2,2 Express,3,4,5"
Hoyt St,"Fulton St and Hoyt St, Fulton St and Bridge St, Fulton St and Duffield St, Fulton St and Elm St",2,"2,3"
Nevins St,Flatbush Ave between Nevins St and Livingston St,2,"2,2 Express,3,4,5"
Atlantic Ave-Barclays Ctr,"Hanson Place and Flatbush Ave, Pacific St and 4th Ave, Atlantic Ave and Flatbush Ave",2,"2,2 Express,B,D,3,4,5"
Bergen St,Bergen St and Flatbush Ave,2,"2,3"
Grand Army Plaza,"Plaza St West and Flatbush Ave, Plaza St East and Flatbush Ave",2,"2,3"
Eastern Pkwy Brooklyn Museum,"Eastern Parkway, west of Washington Ave",2,"2,3"
Franklin Av,Franklin Ave and Eastern Parkway,2,"2,2 Express,3,4,5"
President St,President St and Nostrand Ave,2,"2,5"
Sterling St,Sterling St and Nostrand Ave,2,"2,5"
Winthrop St,"Winthrop St and Nostrand Ave, Parkside Ave and Nostrand Ave",2,"2,5"
Church Av,Church Ave and Nostrand Ave,2,"2,5"
Beverly Rd,Beverly Rd and Nostrand Ave,2,"2,5"
Newkirk Av,Newkirk Ave and Nostrand Ave,2,"2,5"
Flatbush Av Brooklyn College,"Flatbush Ave and Nostrand Ave, Ave H and Nostrand Ave",2,"2,5"
Harlem 148 St,W 149 St and Adam C Powell Blvd,3,"3,"
145 St,W 145 St and Lenox Ave,3,"3,"
135 St,W 135 St and Lenox Ave,3,"3,2"
125 St,W 125 St and Lenox Ave,3,"3,2"
116 St,W 116 St and Lenox Ave,3,"3,2"
Central Park North (110 St),"W 111 St and Lenox Ave, St Nicholas Ave and Central Park North",3,"3,2"
96 St,"Broadway between W 96 St and W 95 St, Broadway and W 94 St",3,"3,3 Express,1,2"
72 St,W 72 St between Broadway and Amsterdam Ave,3,"3,3 Express,1,2"
Times Square-42 St,"W 42 St and 7th Ave, W 41 St between 7th Ave and Broadway, W 40 St and 7th Ave",3,"3,3 Express,C,E,1,3,2"
34 St Penn Station,"W 34 St and 7th Ave, W 33 St and 7th Ave, W 32 St and 7th Ave",3,"3,3 Express,1,2"
14 St,"W 14 St and 7th Ave, W 13 St and 7th Ave, W 12 St and 7th Ave",3,"3,3 Express,F,1,2"
Chambers St,"Chambers St and W Broadway, Chambers St and Hudson St",3,"3,3 Express,1,2"
Park Place,"Park Place and Broadway, Park Place and Church St",3,"3,C,E,2"
Fulton St,"Fulton St and William St, John St and William St",3,"3,C,2,4,5"
Wall St,"Wall St and William St, Pine St and William St, Cedar St and William St",3,"3,2"
Clark St,Clark St and Henry St,3,"3,2"
Borough Hall,"Court St and Montague St, Montague St and Cadman Plaza West",3,"3,3 Express,2,4,5"
Hoyt St,"Fulton St and Hoyt St, Fulton St and Bridge St, Fulton St and Duffield St, Fulton St and Elm St",3,"3,2"
Nevins St,Flatbush Ave between Nevins St and Livingston St,3,"3,3 Express,2,4,5"
Atlantic Ave-Barclays Ctr,"Hanson Place and Flatbush Ave, Pacific St and 4th Ave, Atlantic Ave and Flatbush Ave",3,"3,3 Express,B,D,2,4,5"
Bergen St,Bergen St and Flatbush Ave,3,"3,2"
Grand Army Plaza,"Plaza St West and Flatbush Ave, Plaza St East and Flatbush Ave",3,"3,2"
Eastern Pkwy Brooklyn Museum,"Eastern Parkway, west of Washington Ave",3,"3,2"
Franklin Av,Franklin Ave and Eastern Parkway,3,"3,3 Express,2,4,5"
Nostrand Av,Nostrand Ave and Eastern Parkway,3,"3,"
Kingston Av,Kingston Ave and Eastern Parkway,3,"3,"
Crown Heights-Utica Av,"Utica Ave and Eastern Parkway, Schenectady Ave and Eastern Parkway",3,"3,3 Express,4"
Sutter Ave-Rutland Road,"E 98 St and Rutland Rd, E 98 St and Sutter Ave",3,"3,"
Saratoga Av,Sratoga Ave and Livonia Ave,3,"3,"
Rockaway Av,Rockaway Ave and Livonia Ave,3,"3,"
Junius St,Livonia Ave between Powell St and Sackman St,3,"3,"
Pennsylvania Av,Pennsylvania Ave and Livonia Ave,3,"3,"
Van Siclen Av,Van Siclen Ave and Livonia Ave,3,"3,"
New Lots Av,Ashford St and Livonia Ave,3,"3,"
Woodlawn,Jerome Ave and Bainbridge Ave,4,"4,"
Moshulu Pkwy,Jerome Ave and Moshulu Parkway,4,"4,"
Bedford Pk Blvd Lehman College,Jerome Ave and Bedford Park Blvd,4,"4,"
Kingsbridge Rd,Jerome Ave and Kingsbridge Rd,4,"4,"
Fordham Rd,Jerome Ave and Fordham Rd,4,"4,"
183 St,Jerome Ave and W 183 St,4,"4,"
Burnside Av,Jerome Ave and Burnside Ave,4,"4,"
176 St,Jerome Ave and E 176 St,4,"4,"
Mt Eden Av,Jerome Ave and Mt. Eden Ave,4,"4,"
170 St,Jerome Ave and 170 St,4,"4,"
167 St,River Ave and E 167 St,4,"4,"
161 St Yankee Stadium,River Ave and E 161 St,4,"4,B,D"
149 St-Grand Concourse,E 149 St and Grand Concourse,4,"4,4 Express,2,5"
138 St-Grand Concourse,E 138 St and Grand Concourse,4,"4,5"
125 St,E 125 St and Lexington Ave,4,"4,4 Express,5,6"
86 St,E 86 St and Lexington Ave,4,"4,5,6"
59 St,"E 60 St and Lexington Ave, E 59 St and Lexington Ave, E 60 St and 3rd Ave",4,"4,4 Express,5,6"
Grand Central 42 St,"Park Ave and E 42 St, Lexington Ave and E 42 St, E 42 St between Park Ave and Lexington Ave",4,"4,4 Express,5,6,7"
14 St-Union Sq,"E 15 St and Union Square East, E 14 St and 4th Ave, Union Square Park at E 14 St",4,"4,4 Express,5,6"
Brooklyn Bridge City Hall,"Centre St between Chambers St and Brooklyn Bridge Promenade, Reade St and Centre St, Frankfort St at Pace Plaza",4,"4,4 Express,5,6"
Fulton St,"Fulton St and Broadway, Dey St and Broadway, John St and Broadway, Cortlandt St and Broadway",4,"4,4 Express,C,2,3,5"
Wall St,"Rector St and Broadway, Trinity Building at Broadway and Thames St",4,"4,4 Express,5"
Bowling Green,"Bowling Green Park at Whitehall St, Battery Place and State St, Battery Place and Broadway",4,"4,4 Express,5"
Borough Hall,"Joralemon St and Court St, Court St and Montague St",4,"4,4 Express,2,3,5"
Nevins St,Flatbush Ave between Nevins St and Livingston St,4,"4,4 Express,2,3,5"
Atlantic Ave-Barclays Ctr,"Hanson Place and Flatbush Ave, Pacific St and 4th Ave, Atlantic Ave and Flatbush Ave",4,"4,4 Express,B,D,2,3,5"
Franklin Av,Franklin Ave and Eastern Parkway,4,"4,4 Express,2,3,5"
Crown Heights-Utica Av,"Utica Ave and Eastern Parkway, Schenectady Ave and Eastern Parkway",4,"4,4 Express,3"
Eastchester Dyre Av,Light St and Dyre Ave,5,"5,"
Baychester Av,Baychester Ave and Thomas E Brown Ave,5,"5,"
Gun Hill Rd,E Gun Hill Rd between Sexton Pl and Dewitt Pl,5,"5,"
Pelham Pkwy,Esplanade and Pelham Parkway North,5,"5,"
Morris Park,"Espalanade and Paulding Ave, E 180 St and Morris Park Ave",5,"5,"
E 180 St,E 180 St and Morris Park Ave,5,"5,5 Express,2"
West Farms Sq E Tremont Av,"E 178 St and Boston Rd, E Tremont Ave and Boston Rd",5,"5,2"
174 St,"E 174 St, Boston Rd and Southern Blvd",5,"5,2"
Freeman St,Freeman St and Southern Blvd,5,"5,2"
Simpson St,Simpson St and Westchester Ave,5,"5,2"
Intervale Av,Intervale Ave and Westchester Ave,5,"5,2"
Prospect Av,"E 160 St and Westchester Ave, Prospect Ave and Longwood Ave",5,"5,2"
Jackson Av,"Jackson Ave and Westchester Ave, E 152 St and Jackson Ave",5,"5,2"
3 Av-149 St,"E 149 St and Third Ave, E 149 St and Melrose Ave",5,"5,5 Express,2"
149 St-Grand Concourse,E 149 St and Grand Concourse,5,"5,5 Express,2,4"
138 St-Grand Concourse,E 138 St and Grand Concourse,5,"5,4"
125 St,E 125 St and Lexington Ave,5,"5,5 Express,4,6"
86 St,E 86 St and Lexington Ave,5,"5,4,6"
59 St,"E 60 St and Lexington Ave, E 59 St and Lexington Ave, E 60 St and 3rd Ave",5,"5,5 Express,4,6"
Grand Central 42 St,"Park Ave and E 42 St,  Lexington Ave and E 42 St, E 42 St between Park Ave and Lexington Ave",5,"5,5 Express,4,6,7"
14 St-Union Sq,"E 15 St and Union Square East, E 14 St and 4th Ave, Union Square Park at E 14 St",5,"5,5 Express,4,6"
Brooklyn Bridge City Hall,"Centre St between Chambers St and Brooklyn Bridge Promenade, Reade St and Centre St, Frankfort St at Pace Plaza",5,"5,5 Express,4,6"
Fulton St,"Fulton St and Broadway, Dey St and Broadway, John St and Broadway, Cortlandt St and Broadway",5,"5,5 Express,C,2,3,4"
Wall St,"Rector St and Broadway, Trinity Building at Broadway and Thames St",5,"5,5 Express,4"
Bowling Green,"Bowling Green Park at Whitehall St, Battery Place and State St, Battery Place and Broadway",5,"5,5 Express,4"
Nereid Av,White Plains Rd and Nereid Ave,5,"5,2"
233 St,E 233 St and White Plains Rd,5,"5,2"
225 St,E 225 St and White Plains Rd,5,"5,2"
219 St,E 219 St and White Plains Rd,5,"5,2"
Gun Hill Rd,E Gun Hill Rd and White Plains Rd,5,"5,2"
Burke Av,Burke Ave and White Plains Rd,5,"5,2"
Allerton Av,Allerton Ave and White Plains Rd,5,"5,2"
Pelham Pkwy,"Pelham Parkway South and White Plains Rd, Pelham Parkway North and White Plains Rd",5,"5,2"
Bronx Park East,Sagamore St and Birchell Ave,5,"5,2"
Borough Hall,"Joralemon St and Court St, Court St and Montague St",5,"5,5 Express,2,3,4"
Nevins St,Flatbush Ave between Nevins St and Livingston St,5,"5,5 Express,2,3,4"
Atlantic Ave-Barclays Cty,"Hanson Place and Flatbush Ave, Pacific St and 4th Ave, Atlantic Ave and Flatbush Ave",5,"5,5 Express,B,D,2,3,4"
Franklin Av,Franklin Ave and Eastern Parkway,5,"5,5 Express,2,3,4"
President St,President St and Nostrand Ave,5,"5,2"
Sterling St,Sterling St and Nostrand Ave,5,"5,2"
Winthrop St,"Winthrop St and Nostrand Ave, Parkside Ave and Nostrand Ave",5,"5,2"
Church Av,Church Ave and Nostrand Ave,5,"5,2"
Beverly Rd,Beverly Rd and Nostrand Ave,5,"5,2"
Newkirk Av,Newkirk Ave and Nostrand Ave,5,"5,2"
Flatbush Av Brooklyn College,"Flatbush Ave and Nostrand Ave, Ave H and Nostrand Ave",5,"5,2"
Pelham Bay Park,Westchester Ave and Bruckner Blvd,6,"6,"
Buhre Av,"Edison Ave and Westchester Ave, Buhre Ave and Edison Ave",6,"6,"
Middletown Rd,Westchester Ave and Middletown Rd,6,"6,"
Westchester Sq East Tremont Av,Westchester Ave and Ferris Pl,6,"6,"
Zerega Av,Zerega Ave and Westchester Ave,6,"6,"
Castle Hill Av,Castle Hill Ave and Westchester Ave,6,"6,"
Parkchester,Center of Hugh Grant Circle at Westchester Ave and Metropolitan Ave,6,"6,6 Express,"
St Lawrence Av,St Lawrence Ave and Westchester Ave,6,"6,"
Morrison Av Soundview,Morrison Ave and Westchester Ave,6,"6,"
Elder Av,Elder Ave and Westchester Ave,6,"6,"
Whitlock Av,Whitlock Ave and Westchester Ave,6,"6,"
Hunts Point Av,"Hunts Points Ave and Southern Blvd, E 163 St and Bruckner Blvd",6,"6,6 Express,"
Longwood Av,Longwood Ave and Southern Blvd,6,"6,"
E 149 St,E 149 St and Southern Blvd,6,"6,"
E 143 St-Mary's St,E 143 St and Southern Blvd,6,"6,"
Cypress Av,E 138 St between Cypress Ave and Jackson Ave,6,"6,"
Brook Av,E 138 St and Brook Ave,6,"6,"
3 Av 138 St,"E 138 St and 3rd Ave, E 138 St and Alexander Ave",6,"6,6 Express,"
125 St,E 125 St and Lexington Ave,6,"6,6 Express,4,5"
116 St,E 116 St and Lexington Ave,6,"6,"
110 St,E 110 St and Lexington Ave,6,"6,"
103 St,E 103 St and Lexington Ave,6,"6,"
96 St,E 96 St and Lexington Ave,6,"6,"
86 St,E 86 St and Lexington Ave,6,"6,6 Express,4,5"
77 St,E 77 St and Lexington Ave,6,"6,"
68 St Hunter College,E 68 St and Lexington Ave,6,"6,"
59 St,"E 60 St and Lexington Ave, E 59 St and Lexington Ave, E 60 St and 3rd Ave",6,"6,6 Express,4,5"
Lexington Ave/ 53 St,"E 51 St and Lexington Ave, E 52 St and Lexington Ave, Citicorp Plaza at E 53 St and Lexington Ave",6,"6,E"
Grand Central 42 St,"Park Ave and E 42 St,  Lexington Ave and E 42 St, E 42 St between Park Ave and Lexington Ave",6,"6,6 Express,5,4,7"
33 St,"E 32 St and Park Ave S, E 33 St and Park Ave",6,"6,"
28 St,E 28 St and Park Ave South,6,"6,"
23 St,"E 22 St and Park Ave South, E 23 St and Park Ave South",6,"6,"
14 St-Union Sq,"E 15 St and Union Square East, E 14 St and 4th Ave, Union Square Park at E 14 St",6,"6,6 Express,4,5"
Astor Pl,"E 8 St and 4th Ave, Lafayette St and Astor Pl",6,"6,"
Bleecker St,"Houston St and Lafayette St, Bleeker St and Lafayette St, Bleeker St and Mulberry St",6,"6,B,D,F"
Spring St,"Spring St and Cleveland Place, Spring St and Lafayette St",6,"6,"
Canal St,Canal St and Lafayette St,6,"6,"
Brooklyn Bridge City Hall,"Centre St between Chambers St and Brooklyn Bridge Promenade, Reade St and Centre St, Frankfort St at Pace Plaza",6,"6,6 Express,4,5"
Flushing Main St,"Main St and Roosevelt Ave, Roosevelt Ave between Main St and Lippmann Plaza",7,"7,7 Express,"
Mets-Willis Point,"Roosevelt Ave and Passarelle Pedestrian Bridg, Citi Field Jackie Robinson Rotunda",7,"7,7 Express,"
111 St,111 St and Roosevelt Ave,7,"7,"
103 St-Corona Plaza,"103 St and Roosevelt Ave, Corona Plaza",7,"7,"
Junction Blvd,Junction Blvd and Roosevelt Ave,7,"7,7 Express,"
90 St-Elmhurst Av,"90 St and Roosevelt Ave, Elmhurst Ave and Case St",7,"7,"
82 St-Jackson Hts,82 St and Roosevelt Ave,7,"7,"
74 St-Broadway,"Roosevelt Ave and Broadway, 74 St and Roosevelt Ave",7,"7,E,F"
69 St,69 St and Roosevelt Ave,7,"7,"
61 St Woodside,61 St and Roosevelt Ave,7,"7,7 Express,"
52 St,"52 St and Roosevelt Ave, 53 St and Roosevelt Ave",7,"7,"
46 St Bliss St,"46 St and Queens Blvd, 47 St and Queens Blvd",7,"7,"
40 Lowery St,40 St and Queens Blvd,7,"7,"
33 St-Rawson St,"33 St and Queens Blvd, 34 St and Queens Blvd",7,"7,"
Queensboro Plaza,"Queens Plaza North between 27 St and Crescent St, Queens Plaza South between 27 St and Crescent St",7,"7,7 Express,"
Court Sq-23 St,"23 St and Jackson Ave, 23 St and 45 Rd",7,"7,7 Express,E"
Hunters Point,49 Ave east of 21 St,7,"7,7 Express,"
Vernon Blvd Jackson Av,"Vernon Blvdand 50 Ave, Jackson Ave and 50 Ave",7,"7,7 Express,"
Grand Central 42 St,"Park Ave and E 42 St, Lexington Ave and E 42 St, E 42 St between Lexington Ave and 3 Ave",7,"7,7 Express,4,5,6"
5 Av,"5th Ave and 42 St, W 42 St between 5th Ave and 6th Ave",7,"7,7 Express,B,D,F"
Times Square-42 St,"W 41 St and 7th Ave, W 42 St and 7th Ave, W 41 St and Broadway",7,"7,7 Express,1,2,3,C,E"
34 St Hudson Yards,"Hudson Blvd East between 33 St and 34 St, Hudson Blvd East and 35 St",7,"7,7 Express,"
Bedford Pk Blvd,Bedford Park Boulevard and Grand Concourse,B,"B,B Express,D"
Kingsbridge Rd,Kingsbridge Rd and Grand Concourse,B,"B,B Express,D"
Fordham Rd,"East 188 St and Grand Concourse, Fordham Rd and Grand Concourse",B,"B,B Express,D"
182-183 Sts,"182 St and Grand Concourse, Grand Concourse and Anthony Ave",B,"B,D"
Tremont Av,Grand Concourse and Echo Place,B,"B,B Express,D"
174-175 Sts,"Walton Ave and Morris Ave, 174 and 175 St, 175 St and Grand Concourse",B,"B,D"
170 St,East 171 St and Grand Concourse,B,"B,D"
167 St,"167 St and Grand Concourse, McClellan St and Grand Concourse",B,"B,D"
161 St Yankee Stadium,River Ave and 161 St,B,"B,D,4"
155 St,155 St and Harlem River Dr,B,"B,D"
145 St,"W 145 St and St Nicholas Ave, W 146 St and St Nicholas Ave, W 147 St and St Nicholas Ave",B,"B,B Express,C,D"
135 St,"W 135 St and St Nicholas Ave, W 137 St and St Nicholas Ave",B,"B,B Express,C"
125 St,"W 125 St and St Nicholas Ave, W 126 St and St Nicholas Ave, W 127 St and St Nicholas Ave",B,"B,C,D"
116 St,W 116 St and Frederick Douglas Blvd,B,"B,C"
Cathedral Parkway (110 St),"W 110 St and Frederick Douglas Circle, W 109 St and Central Park West",B,"B,C"
103 St,W 103 St and Central Park West,B,"B,C"
96 St,"W 96 St and Cetral Park West, W 97 St and Central Park West",B,"B,C"
86 St,"W 86 St and Central Park West, W 87 St and Central Park West, W 88 St and Central Park West",B,"B,C"
81 St-Museum of Natural History,"W 81 St and Central Park West, Central Park West north of W 77 St",B,"B,C"
72 St,"W 72 St and Central Park West, W 70 St and Central Park West",B,"B,C"
59 St Columbus Circle,"W 58 St and 8th Ave, W 59 St and Columbus Circle, W 60 St between Broadway and Central Park West",B,"B,B Express,C,D,1"
7 Av,"7th Ave and E 53 St, Broadway and E 53 St",B,"B,D,E"
47-50 Sts Rockefeller Ctr,"6th Ave and W 50 St, 6th Ave and W 49 St, 6th Ave and W 48 St, 6th Ave and W 47 St",B,"B,B Express,D,F"
42 St Bryant Park,"6th Ave and W 42 St, 6th Ave and W 40 St, W 42 St between 5th Ave and 6th Ave",B,"B,B Express,D,F,7"
34 St Herald Sq,"W 35 St between Broadway and 6th Ave, W 34 St between Broadway and 6th Ave, W 32 St between Broadway and 6th Ave",B,"B,B Express,D,F"
W 4 St Wash Sq,"W 3 St and 6th Ave, Waverly Pl and 6th Ave",B,"B,B Express,D,F,C,E"
Bleecker St,"Broadway and Houston St, Houston St and Lafayette St, Bleeker St and Lafayette St",B,"B,B Express,D,F,6"
Grand St,Grand St and Chrystie St,B,"B,B Express,D"
DeKalb Av,"DeKalb Ave and Flatbush Ave Extension, Fleet St and Flatbush Ave Extension",B,"B,B Express,"
Atlantic Ave-Barclays Ctr,"Hanson Place and Flatbush Ave, Pacific St and 4th Ave, Atlantic Ave and Flatbush Ave",B,"B,B Express,D,2,3,4,5"
7 Av,"Park Place and Flatbush Ave, Park Place and Carlton Ave",B,"B,B Express,"
Prospect Park,"Lincoln Rd between Flatbush Ave and Ocean Ave, Flatbush Ave south of Ocean Ave",B,"B,B Express,F"
Church Av,"Church Ave and E 18 St, St Paul\'s Place and Caton Ave",B,"B,B Express,"
Newkirk Plaza,Newkirk Plaza between Newkirk Ave and Foster Ave,B,"B,B Express,"
Kings Hwy,"Kings Highway between E 16 St and E 15 St, E 16 St and Quentin Rd",B,"B,B Express,"
Sheepshead Bay,"Sheepshead Bay Rd and East 15 St, Voorhies Ave between E 14 St and Shore Pkwy",B,"B,B Express,"
Brighton Beach,"Brighton Beach Ave and Brighton 7 St, Brighton Beach Ave west of Brighton 6 St",B,"B,B Express,"
168 St,"W 168 St and St Nichoclas Ave, W 169 St and Broadway",C,"C,C Express,1"
163 St-Amsterdam Av,"W 162 St and St Nicholas Ave, W 169 St and Broadway",C,"C,"
155 St,W 155 St and St Nicholas Ave,C,"C,"
145 St,"W 145 St and St Nicholas Ave, W 146 St and St Nicholas Ave, W 147 St and St Nicholas Ave",C,"C,C Express,B,D"
135 St,"W 135 St and St Nicholas Ave, W 137 St and St Nicholas Ave",C,"C,B"
125 St,"W 125 St and St Nicholas Ave, W 126 St and St Nicholas Ave, W 127 St and St Nicholas Ave",C,"C,C Express,B"
116 St,W 116 St and Frederick Douglas Blvd,C,"C,B"
Cathedral Parkway (110 St),"W 110 St and Frederick Douglas Circle, W 109 St and Central Park West",C,"C,B"
103 St,W 103 St and Central Park West,C,"C,B"
96 St,"W 96 St and Cetral Park West, W 97 St and Central Park West",C,"C,B"
86 St,"W 86 St and Central Park West, W 87 St and Central Park West, W 88 St and Central Park West",C,"C,B"
81 St-Museum of Natural History,"W 81 St and Central Park West, Central Park West north of W 77 St",C,"C,B"
72 St,"W 72 St and Central Park West, W 70 St and Central Park West",C,"C,B"
59 St Columbus Circle,"W 58 St and 8th Ave, W 59 St and Columbus Circle, W 60 St between Broadway and Central Park West",C,"C,C Express,B,D,1"
50 St,"W 50 St and 8th Ave, W 49 St and 8th Ave, W 51 St and 8th Ave",C,"C,E"
42 St/ Port Authority Bus Terminal,"W 40 St and 8th Ave, W 42 St and 8th Ave, W 43 St and 8th Ave, W 44 St and 8th Ave",C,"C,C Express,E"
34 St Penn Station,"W 33 St and 8th Ave, W 34 St and 8th Ave, W 35 St and 8th Ave",C,"C,C Express,E"
23 St,"W 23 St and 8th Ave, W 24 St and 8th Ave, W 25 St and 8th Ave",C,"C,E"
14 St,"W 14 St and 8th Ave, W 15 St and 8th Ave, W 16 St and 8th Ave",C,"C,C Express,E"
W 4 St Wash Sq,"W 3 St and 6th Ave, Waverly Pl and 6th Ave",C,"C,C Express,B,D,E,F"
Spring St,"Spring St and 6th Ave, Vandam St and 6th Ave",C,"C,E"
Canal St,"Canal St and 6th Ave, West Broadway and 6th Ave, Walker St and 6th Ave",C,"C,C Express,E"
Chambers St,"Church St and Chambers St, Church St and Warren St, Church St and Murray St, Church St and Park Pl",C,"C,C Express,E,2,3"
Fulton St,"Fulton St and Broadway, Fulton St and John St, Fulton St and Nassau St, Fulton St and William St",C,"C,C Express,2,4,5,3"
High St,"Cadman Plaza West and Middagh St, Red Cross Pl and Adams St",C,"C,C Express,"
Jay St-MetroTech,"Willoughby St and Jay St, Fulton St and Jay St, Jay St south of Myrtle Ave",C,"C,C Express,F"
Hoyt Schermerhorn,"Bond St and Schermerhorn St, Hoyt St and Schermerhorn St, Schermerhorn St between Bond St and Hoyt St",C,"C,C Express,"
Lafayette Av,"Fulton St and S Portland Ave, Fulton St and S Oxford St, Fulton St and Hanson Place",C,"C,"
Clinton Washington Avs,"Fulton St and Washington Ave, Fulton St and Clinton Ave",C,"C,"
Franklin Av,Fulton St and Franklin Ave,C,"C,"
Nostrand Av,Nostrand Ave and Fulton St,C,"C,C Express,"
Kingston Throop Avs,"Fulton St and Kingston Ave, Fulton St and Throop Ave",C,"C,"
Utica Av,"Fulton St and Utica Ave, Fulton St and Stuyvesant Ave",C,"C,C Express,"
Ralph Av,"Fulton St and Ralph Ave, Ralph Ave and MacDougal St",C,"C,"
Rockaway Av,"Fulton St and Rockaway Ave, Fulton St and Thomas S Boyland St",C,"C,"
Broadway Junction,Van Sinderen Ave between Fulton St and Truxton St,C,"C,C Express,"
Liberty Av,Liberty Ave and Pennsylvania Ave,C,"C,"
Van Siclen Av,Pitkin Ave and Van Siclen Ave,C,"C,"
Shepherd Av,Pitkin Ave and Shepherd Ave,C,"C,"
Euclid Av,Pitkin Ave and Euclid Ave,C,"C,C Express,"
Norwood-205 St,"East 206 St and Bainbridge Ave, East 205 St and Perry Ave",D,"D,D Express,"
Bedford Pk Blvd,Bedford Park Boulevard and Grand Concourse,D,"D,D Express,B"
Kingsbridge Rd,Kingsbridge Rd and Grand Concourse,D,"D,D Express,B"
Fordham Rd,"East 188 St and Grand Concourse, Fordham Rd and Grand Concourse",D,"D,D Express,B"
182-183 Sts,"182 St and Grand Concourse, Grand Concourse and Anthony Ave",D,"D,B"
Tremont Av,Grand Concourse and Echo Place,D,"D,D Express,B"
174-175 Sts,"Walton Ave and Morris Ave, 174 and 175 St, 175 St and Grand Concourse",D,"D,B"
170 St,East 171 St and Grand Concourse,D,"D,B"
167 St,"167 St and Grand Concourse, McClellan St and Grand Concourse",D,"D,B"
155 St,155 St and Harlem River Dr,D,"D,B"
145 St,"W 145 St and St Nicholas Ave, W 146 St and St Nicholas Ave, W 147 St and St Nicholas Ave",D,"D,D Express,C,B"
125 St,"W 125 St and St Nicholas Ave, W 126 St and St Nicholas Ave, W 127 St and St Nicholas Ave",D,"D,C,B"
59 St Columbus Circle,"W 58 St and 8th Ave, W 59 St and Columbus Circle, W 60 St between Broadway and Central Park West",D,"D,D Express,C,B,1"
7 Av,"7th Ave and E 53 St, Broadway and E 53 St",D,"D,B,E"
47-50 Sts Rockefeller Ctr,"6th Ave and W 50 St, 6th Ave and W 49 St, 6th Ave and W 48 St, 6th Ave and W 47 St",D,"D,D Express,B,F"
42 St Bryant Park,"6th Ave and W 42 St, 6th Ave and W 40 St, W 42 St between 5th Ave and 6th Ave",D,"D,D Express,B,F,7"
34 St Herald Sq,"W 35 St between Broadway and 6th Ave, W 34 St between Broadway and 6th Ave, W 32 St between Broadway and 6th Ave",D,"D,D Express,B,F"
W 4 St Wash Sq,"W 3 St and 6th Ave, Waverly Pl and 6th Ave",D,"D,D Express,B,F,C,E"
Bleecker St,"Broadway and Houston St, Houston St and Lafayette St, Bleeker St and Lafayette St",D,"D,D Express,B,F,6"
Grand St,Grand St and Chrystie St,D,"D,D Express,B"
Atlantic Ave-Barclays Ctr,"Hanson Place and Flatbush Ave, Pacific St and 4th Ave, Atlantic Ave and Flatbush Ave",D,"D,D Express,B,2,3,4,5"
36 St,4th Ave and 36th St,D,"D,D Express,"
9 Av,9th Ave and New Utrecht Ave,D,"D,"
Fort Hamilton Pkwy,"New Utrecht Ave and 45th St, 44 St and 43 St",D,"D,"
50 St,New Utrecht Ave and 50th St,D,"D,"
55 St,New Utrecht Ave and 55th St,D,"D,"
62 St,New Utrecht Ave and 62nd St,D,"D,"
71 St,New Utrecht Ave and 71st St,D,"D,"
79 St,New Utrecht Ave and 79th St,D,"D,"
18 Av,18 Ave and 85th St,D,"D,"
20 Av,20 Ave and 86th St,D,"D,"
Bay Pkwy,Bay Parkway and 86th St,D,"D,"
25 Av,86th St and 25th Ave,D,"D,"
Bay 50 St,Harway Ave and Bay 50th St,D,"D,"
Coney Island Stillwell Av,"Mermaid Ave east of Stillwell Ave, Stillwell Ave and Surf Ave",D,"D,F"
Jamaica Center Parsons/Archer,"Parsons Blvd and Archer Ave, 153 St and Archer Ave, 158 St and Archer Ave",E,"E,E Express,"
Sutphin Blvd Archer Av JFK Airport,Sutphin Blvd and Archer Ave,E,"E,E Express,"
Jamaica Van Wyck,"89 Ave and Van Wyck Expressway, Metropolitan Ave and Jamaica Ave",E,"E,"
Briarwood,"Main St and Queens Blvd, Queens Blvd and Van Wyck Expressway",E,"E,F"
Kew Gardens Union Tpke,Union Turnpike and Queens Blvd,E,"E,E Express,F"
75 Av,"Queens Blvs and 75 Ave, Queens Blvd and 75 Rd",E,"E,F"
Forest Hills-71 Av,"71 Ave and Queens Blvd, 70 Rd and Queens Blvd",E,"E,E Express,F"
Jackson Heights-Roosevelt Av,"74 St and Roosevelt Ave, 73 St and Broadway, 75 St and Broadway",E,"E,E Express,7,F"
Queens Plaza,"Queens Blvd and Jackson Ave, West St and Jackson Ave, 41 Ave and Northern Blvd",E,"E,E Express,"
Court Sq-23 St,"44 Drive and 23 St, 44 Drive and 21 St, Jackson Ave and 45 Ave",E,"E,E Express,7"
Lexington Ave/ 53 St,"Lexington Ave and E 53 St, Lexington Ave and E 52 St, 3rd Ave and E 53 St",E,"E,E Express,6"
5 Av/ 53 St,"5th Ave and E 53 St, Madison Ave and E 53 St",E,"E,E Express,"
7 Av,"7th Ave and E 53 St, Broadway and E 53 St",E,"E,E Express,B,D"
50 St,"W 50 St and 8th Ave, W 49 St and 8th Ave, W 51 St and 8th Ave",E,"E,C"
42 St/ Port Authority Bus Terminal,"W 40 St and 8th Ave, W 42 St and 8th Ave, W 43 St and 8th Ave, W 44 St and 8th Ave",E,"E,E Express,C"
34 St Penn Station,"W 33 St and 8th Ave, W 34 St and 8th Ave, W 35 St and 8th Ave",E,"E,E Express,C"
23 St,"W 23 St and 8th Ave, W 24 St and 8th Ave, W 25 St and 8th Ave",E,"E,C"
14 St,"W 14 St and 8th Ave, W 15 St and 8th Ave, W 16 St and 8th Ave",E,"E,E Express,C"
W 4 St Wash Sq,"W 3 St and 6th Ave, Waverly Pl and 6th Ave",E,"E,E Express,B,D,C,F"
Spring St,"Spring St and 6th Ave, Vandam St and Sixth Ave",E,"E,C"
Canal St,"Canal St and 6th Ave, West Broadway and 6th Ave, Walker St and 6th Ave",E,"E,E Express,C"
World Trade Center,"Park Pl and Church St, Vesey St and Church St, Church St between Vessey St and Fulton St",E,"E,C,2,3"
Jamaica-179 St,"Hillside Ave and 178 St, Hillside Ave and 179 St, Hillside Ave and Midland Pkwy",F,"F,E"
169 St,Hillside Ave and 169 St,F,"F,"
Parsons Blvd,"Parsons Blvd and Hillside Ave, 153 St and Hillside Ave",F,"F,"
Sutphin Blvd,"Sutphin Blvd and Hillside Ave, 144 St and Hillside Ave",F,"F,"
Briarwood,"Main St and Queens Blvd, Queens Blvd and Van Wyck Expressway",F,"F,F Express,E"
Kew Gardens Union Tpke,"Queens Blvd and 78th Ave, 80 Rd and Queens Blvd, Queens Blvd and Union Turnpike",F,"F,E"
75 Av,"Queens Blvd and 75th Ave, Queens Blvd and 75 Rd",F,"F,F Express,E"
Forest Hills-71 Av,"Queens Blvd and 70 Rd, 70 Rd and 71st Ave, 71st Ave and Queens Blvd",F,"F,F Express,E"
Jackson Heights-Roosevelt Av,"4 St and Roosevelt Ave, 73 St and Broadway, 75 St and Broadway",F,"F,F Express,E,7"
21 St Queensbridge,21 St and 41st Ave,F,"F,"
Roosevelt Island,"W Rd, west of Main St",F,"F,"
Lexington Av/63 Street,"Lexington Ave and E 63 St, 3rd Ave and E 63 St",F,"F,"
57 Street,"6th Ave and W 57 St, 6th Ave and W 56 St",F,"F,"
47-50 Sts Rockefeller Ctr,"6th Ave and W 50 St, 6th Ave and W 49 St, 6th Ave and W 48 St, 6th Ave and W 47 St",F,"F,F Express,B,D"
42 St Bryant Park,"6th Ave and W 42 St, 6th Ave and W 40 St, W 42 St between 5th Ave and 6th Ave",F,"F,F Express,B,D,7"
34 St Herald Sq,"W 35 St between Broadway and 6th Ave, W 34 St between Broadway and 6th Ave, W 32 St between Broadway and 6th Ave",F,"F,F Express,B,D"
23 St,23rd St and 6th Ave,F,"F,"
14 St,"W 14 St and 7th Ave, W 13 St and 7th Ave, W 12 St and 7th Ave",F,"F,1,2,3"
W 4 St Wash Sq,"W 3 St and 6th Ave, Waverly Pl and 6th Ave",F,"F,F Express,B,D,C,E"
Bleecker St,"Broadway and Houston St, Houston St and Lafayette St, Bleeker St and Lafayette St, Bleeker St and Mulberry St",F,"F,F Express,B,D,6"
2 Av,"Houston St and 2nd Ave, Houston St and Chrystie St, Houston St and 1st Ave, Houston St and Allen St",F,"F,"
Delancey St,"Delancey St and Essex St, Delancey St and Norfolk St",F,"F,"
East Broadway,"Canal St and Essex St, Rutgers St and Canal St, Madison St and Rutgers St",F,"F,"
York St,"York St and Jay St, High St and Jay St",F,"F,"
Jay St-MetroTech,"Willoughby St and Jay St, Fulton St and Jay St, Jay St south of Myrtle Ave",F,"F,F Express,C"
Bergen St,"Bergen St and Smith St, Warren St and Smith St, Wyckoff St and Smith St",F,"F,"
Carroll St,"President St and Smith St, Second St and Smith St",F,"F,"
Smith 9 Sts,Smith St and 9 St,F,"F,"
4 Av,"4th Ave and 10 St, 4th Ave and 9 St, 4th Ave between 9 St and 10 St",F,"F,"
7 Av,"7th Ave and 9 St, 8th Ave and 9 St",F,"F,F Express,"
15 St Prospect Park,"Bartel-Pritchard Sq, Prospect Park West and Prospect Park Southwest, Howard Pl and Windsor Pl",F,"F,"
Fort Hamilton Pkwy,"Greenwood Ave and Prospect Ave, Prospect Ave and Reeve Pl",F,"F,"
Church Av,"Albemarle Rd and McDonald Ave, Church Ave and McDonald Ave",F,"F,F Express,"
Ditmas Av,"McDonald Ave and Ditmas Ave, McDonald Ave and Cortelyou Rd",F,"F,"
18 Av,"18th Ave and McDonald Ave, Lawrence Ave and Parkville Ave",F,"F,"
Avenue I,Ave I and McDonald Ave,F,"F,"
Bay Pkwy,McDonald Ave and Bay Pkwy,F,"F,"
Avenue N,Ave N and McDonald Ave,F,"F,"
Avenue P,Ave P and McDonald Ave,F,"F,"
Kings Hwy,"McDonald Ave and Kings Highway, McDonald Ave and Ave S",F,"F,F Express,"
Avenue U,Ave U and McDonald Ave,F,"F,"
Avenue X,86 St and Ave X,F,"F,"
Neptune Av,W 6 St and Neptune Ave,F,"F,"
West 8 St NY Aquarium,"W 8 St north of Surf Ave, W 5 St and W Brighton Ave",F,"F,"
Coney Island Stillwell Av,"Mermaid Ave east of Stillwell Ave, Stillwell Ave and Surf Ave",F,"F,D"
